pair_id,target_id,cid,smiles,scaffold,pkd,measurements,source_aid,source_result_tags
AURKA_176870,AURKA,176870,C#Cc1cccc(Nc2ncnc3cc(OCCOC)c(OCCOC)cc23)c1,c1ccc(Nc2ncnc3ccccc23)cc1,5.657577319177793,1,1433,989
AURKA_3025986,AURKA,3025986,CC(C)(C)c1cnc(CSc2cnc(NC(=O)C3CCNCC3)s2)o1,O=C(Nc1ncc(SCc2ncco2)s1)C1CCNCC1,5.130768280269024,1,1433,415
AURKA_5329102,AURKA,5329102,CCN(CC)CCNC(=O)c1c(C)[nH]c(/C=C2\C(=O)Nc3ccc(F)cc32)c1C,O=C1Nc2ccccc2C1=Cc1ccc[nH]1,5.769551078621726,1,1433,2521
AURKA_16007391,AURKA,16007391,CCN(CCO)CCCOc1ccc2c(Nc3cc(CC(=O)Nc4cccc(F)c4)[nH]n3)ncnc2c1,O=C(Cc1cc(Nc2ncnc3ccccc23)n[nH]1)Nc1ccccc1,6.229147988357856,1,1433,283
AURKA_451705,AURKA,451705,CN[C@H]1C[C@@H]2O[C@](C)([C@H]1OC)n1c3ccccc3c3c4c(c5c6ccccc6n2c5c31)C(=O)NC4,O=C1NCc2c1c1c3ccccc3n3c1c1c2c2ccccc2n1C1CCCC3O1,6.958607314841775,1,1433,2233
AURKA_24202429,AURKA,24202429,CO[C@H]1[C@@H](N(C)C(=O)c2ccccc2)C[C@@H]2O[C@@]1(C)n1c3ccccc3c3c4c(c5c6ccccc6n2c5c31)C(=O)NC4,O=C(NC1CC2OC(C1)n1c3ccccc3c3c4c(c5c6ccccc6n2c5c31)CNC4=O)c1ccccc1,6.920818753952375,1,1433,1658
AURKA_5494449,AURKA,5494449,Cc1cc(Nc2cc(N3CCN(C)CC3)nc(Sc3ccc(NC(=O)C4CC4)cc3)n2)n[nH]1,O=C(Nc1ccc(Sc2nc(Nc3cc[nH]n3)cc(N3CCNCC3)n2)cc1)C1CC1,8.387216143280265,1,1433,2719
AURKA_11485656,AURKA,11485656,Cc1ccc(F)c(NC(=O)Nc2ccc(-c3cccc4[nH]nc(N)c34)cc2)c1,O=C(Nc1ccccc1)Nc1ccc(-c2cccc3[nH]ncc23)cc1,5.795880017344075,1,1433,3
AURKA_10113978,AURKA,10113978,Cc1ccc(Nc2nccc(N(C)c3ccc4c(C)n(C)nc4c3)n2)cc1S(N)(=O)=O,c1ccc(Nc2nccc(Nc3ccc4c[nH]nc4c3)n2)cc1,5.1487416512809245,1,1433,1147
AURKA_5330790,AURKA,5330790,Nc1nc(Nc2ccc(S(N)(=O)=O)cc2)nn1C(=O)c1c(F)cccc1F,O=C(c1ccccc1)n1cnc(Nc2ccccc2)n1,6.6020599913279625,1,1433,1316
AURKA_11712649,AURKA,11712649,O=C(O)c1ccc(Nc2ncc3c(n2)-c2ccc(Cl)cc2C(c2c(F)cccc2F)=NC3)cc1,c1ccc(Nc2ncc3c(n2)-c2ccccc2C(c2ccccc2)=NC3)cc1,8.187086643357144,1,1433,1586
AURKB_176870,AURKB,176870,C#Cc1cccc(Nc2ncnc3cc(OCCOC)c(OCCOC)cc23)c1,c1ccc(Nc2ncnc3ccccc23)cc1,5.853871964321762,1,1433,990
AURKB_156414,AURKB,156414,C=CC(=O)Nc1cc2c(Nc3ccc(F)c(Cl)c3)ncnc2cc1OCCCN1CCOCC1,c1ccc(Nc2ncnc3cc(OCCCN4CCOCC4)ccc23)cc1,5.376750709602099,1,1433,656
AURKB_5329102,AURKB,5329102,CCN(CC)CCNC(=O)c1c(C)[nH]c(/C=C2\C(=O)Nc3ccc(F)cc32)c1C,O=C1Nc2ccccc2C1=Cc1ccc[nH]1,6.42021640338319,1,1433,2522
AURKB_16007391,AURKB,16007391,CCN(CCO)CCCOc1ccc2c(Nc3cc(CC(=O)Nc4cccc(F)c4)[nH]n3)ncnc2c1,O=C(Cc1cc(Nc2ncnc3ccccc23)n[nH]1)Nc1ccccc1,8.142667503568731,1,1433,284
AURKB_135398510,AURKB,135398510,CN1CCN(c2ccc3nc(-c4c(N)c5c(F)cccc5[nH]c4=O)[nH]c3c2)CC1,O=c1[nH]c2ccccc2cc1-c1nc2ccc(N3CCNCC3)cc2[nH]1,6.552841968657781,1,1433,463
AURKB_216239,AURKB,216239,CNC(=O)c1cc(Oc2ccc(NC(=O)Nc3ccc(Cl)c(C(F)(F)F)c3)cc2)ccn1,O=C(Nc1ccccc1)Nc1ccc(Oc2ccncc2)cc1,6.356547323513812,1,1433,2147
AURKB_451705,AURKB,451705,CN[C@H]1C[C@@H]2O[C@](C)([C@H]1OC)n1c3ccccc3c3c4c(c5c6ccccc6n2c5c31)C(=O)NC4,O=C1NCc2c1c1c3ccccc3n3c1c1c2c2ccccc2n1C1CCCC3O1,7.721246399047171,1,1433,2234
AURKB_24202429,AURKB,24202429,CO[C@H]1[C@@H](N(C)C(=O)c2ccccc2)C[C@@H]2O[C@@]1(C)n1c3ccccc3c3c4c(c5c6ccccc6n2c5c31)C(=O)NC4,O=C(NC1CC2OC(C1)n1c3ccccc3c3c4c(c5c6ccccc6n2c5c31)CNC4=O)c1ccccc1,7.207608310501746,1,1433,1659
AURKB_10138259,AURKB,10138259,Cc1[nH]c(/C=C2\C(=O)Nc3ccc(F)cc32)c(C)c1C(=O)NC[C@H](O)CN1CCOCC1,O=C1Nc2ccccc2C1=Cc1cc(C(=O)NCCCN2CCOCC2)c[nH]1,6.468521082957745,1,1433,1966
AURKB_5494449,AURKB,5494449,Cc1cc(Nc2cc(N3CCN(C)CC3)nc(Sc3ccc(NC(=O)C4CC4)cc3)n2)n[nH]1,O=C(Nc1ccc(Sc2nc(Nc3cc[nH]n3)cc(N3CCNCC3)n2)cc1)C1CC1,8.130768280269024,1,1433,2720
AURKB_11485656,AURKB,11485656,Cc1ccc(F)c(NC(=O)Nc2ccc(-c3cccc4[nH]nc(N)c34)cc2)c1,O=C(Nc1ccccc1)Nc1ccc(-c2cccc3[nH]ncc23)cc1,6.4089353929735005,1,1433,4
AURKB_5330790,AURKB,5330790,Nc1nc(Nc2ccc(S(N)(=O)=O)cc2)nn1C(=O)c1c(F)cccc1F,O=C(c1ccccc1)n1cnc(Nc2ccccc2)n1,6.795880017344075,1,1433,1317
AURKB_11712649,AURKB,11712649,O=C(O)c1ccc(Nc2ncc3c(n2)-c2ccc(Cl)cc2C(c2c(F)cccc2F)=NC3)cc1,c1ccc(Nc2ncc3c(n2)-c2ccccc2C(c2ccccc2)=NC3)cc1,7.366531544420414,1,1433,1587
AURKC_176870,AURKC,176870,C#Cc1cccc(Nc2ncnc3cc(OCCOC)c(OCCOC)cc23)c1,c1ccc(Nc2ncnc3ccccc23)cc1,6.221848749616356,1,1433,991
AURKC_156414,AURKC,156414,C=CC(=O)Nc1cc2c(Nc3ccc(F)c(Cl)c3)ncnc2cc1OCCCN1CCOCC1,c1ccc(Nc2ncnc3cc(OCCCN4CCOCC4)ccc23)cc1,5.552841968657781,1,1433,657
AURKC_11667893,AURKC,11667893,CC1(C)CNc2cc(NC(=O)c3cccnc3NCc3ccncc3)ccc21,O=C(Nc1ccc2c(c1)NCC2)c1cccnc1NCc1ccncc1,5.721246399047171,1,1433,73
AURKC_5329102,AURKC,5329102,CCN(CC)CCNC(=O)c1c(C)[nH]c(/C=C2\C(=O)Nc3ccc(F)cc32)c1C,O=C1Nc2ccccc2C1=Cc1ccc[nH]1,6.657577319177793,1,1433,2523
AURKC_16007391,AURKC,16007391,CCN(CCO)CCCOc1ccc2c(Nc3cc(CC(=O)Nc4cccc(F)c4)[nH]n3)ncnc2c1,O=C(Cc1cc(Nc2ncnc3ccccc23)n[nH]1)Nc1ccccc1,8.356547323513812,1,1433,285
AURKC_11409972,AURKC,11409972,CCN1CCN(Cc2ccc(NC(=O)Nc3ccc(Oc4cc(NC)ncn4)cc3)cc2C(F)(F)F)CC1,O=C(Nc1ccc(CN2CCNCC2)cc1)Nc1ccc(Oc2ccncn2)cc1,6.130768280269024,1,1433,121
AURKC_135398510,AURKC,135398510,CN1CCN(c2ccc3nc(-c4c(N)c5c(F)cccc5[nH]c4=O)[nH]c3c2)CC1,O=c1[nH]c2ccccc2cc1-c1nc2ccc(N3CCNCC3)cc2[nH]1,5.958607314841775,1,1433,464
AURKC_216239,AURKC,216239,CNC(=O)c1cc(Oc2ccc(NC(=O)Nc3ccc(Cl)c(C(F)(F)F)c3)cc2)ccn1,O=C(Nc1ccccc1)Nc1ccc(Oc2ccncc2)cc1,6.6777807052660805,1,1433,2148
AURKC_451705,AURKC,451705,CN[C@H]1C[C@@H]2O[C@](C)([C@H]1OC)n1c3ccccc3c3c4c(c5c6ccccc6n2c5c31)C(=O)NC4,O=C1NCc2c1c1c3ccccc3n3c1c1c2c2ccccc2n1C1CCCC3O1,7.638272163982407,1,1433,2235
AURKC_24202429,AURKC,24202429,CO[C@H]1[C@@H](N(C)C(=O)c2ccccc2)C[C@@H]2O[C@@]1(C)n1c3ccccc3c3c4c(c5c6ccccc6n2c5c31)C(=O)NC4,O=C(NC1CC2OC(C1)n1c3ccccc3c3c4c(c5c6ccccc6n2c5c31)CNC4=O)c1ccccc1,6.769551078621726,1,1433,1660
AURKC_3038522,AURKC,3038522,COc1cc2c(N3CCN(C(=O)Nc4ccc(OC(C)C)cc4)CC3)ncnc2cc1OCCCN1CCCCC1,O=C(Nc1ccccc1)N1CCN(c2ncnc3cc(OCCCN4CCCCC4)ccc23)CC1,5.795880017344075,1,1433,1550
AURKC_3081361,AURKC,3081361,COc1cc2c(Nc3ccc(Br)cc3F)ncnc2cc1OCC1CCN(C)CC1,c1ccc(Nc2ncnc3cc(OCC4CCNCC4)ccc23)cc1,5.823908740944319,1,1433,2890
AURKC_10138259,AURKC,10138259,Cc1[nH]c(/C=C2\C(=O)Nc3ccc(F)cc32)c(C)c1C(=O)NC[C@H](O)CN1CCOCC1,O=C1Nc2ccccc2C1=Cc1cc(C(=O)NCCCN2CCOCC2)c[nH]1,6.0915149811213505,1,1433,1967
AURKC_5494449,AURKC,5494449,Cc1cc(Nc2cc(N3CCN(C)CC3)nc(Sc3ccc(NC(=O)C4CC4)cc3)n2)n[nH]1,O=C(Nc1ccc(Sc2nc(Nc3cc[nH]n3)cc(N3CCNCC3)n2)cc1)C1CC1,8.200659450546418,1,1433,2721
AURKC_11485656,AURKC,11485656,Cc1ccc(F)c(NC(=O)Nc2ccc(-c3cccc4[nH]nc(N)c34)cc2)c1,O=C(Nc1ccccc1)Nc1ccc(-c2cccc3[nH]ncc23)cc1,7.1487416512809245,1,1433,5
AURKC_10113978,AURKC,10113978,Cc1ccc(Nc2nccc(N(C)c3ccc4c(C)n(C)nc4c3)n2)cc1S(N)(=O)=O,c1ccc(Nc2nccc(Nc3ccc4c[nH]nc4c3)n2)cc1,6.1249387366083,1,1433,1148
AURKC_5330790,AURKC,5330790,Nc1nc(Nc2ccc(S(N)(=O)=O)cc2)nn1C(=O)c1c(F)cccc1F,O=C(c1ccccc1)n1cnc(Nc2ccccc2)n1,7.0655015487564325,1,1433,1318
AURKC_11712649,AURKC,11712649,O=C(O)c1ccc(Nc2ncc3c(n2)-c2ccc(Cl)cc2C(c2c(F)cccc2F)=NC3)cc1,c1ccc(Nc2ncc3c(n2)-c2ccccc2C(c2ccccc2)=NC3)cc1,7.585026652029182,1,1433,1588
CDK2_3025986,CDK2,3025986,CC(C)(C)c1cnc(CSc2cnc(NC(=O)C3CCNCC3)s2)o1,O=C(Nc1ncc(SCc2ncco2)s1)C1CCNCC1,7.161150909262744,1,1433,428
CDK2_11409972,CDK2,11409972,CCN1CCN(Cc2ccc(NC(=O)Nc3ccc(Oc4cc(NC)ncn4)cc3)cc2C(F)(F)F)CC1,O=C(Nc1ccc(CN2CCNCC2)cc1)Nc1ccc(Oc2ccncn2)cc1,6.119186407719209,1,1433,214
CDK2_160355,CDK2,160355,CC[C@H](CO)Nc1nc(NCc2ccccc2)c2ncn(C(C)C)c2n1,c1ccc(CNc2ncnc3[nH]cnc23)cc1,5.468521082957745,1,1433,1847
CDK2_24867231,CDK2,24867231,CN1CCC(c2c(O)cc(O)c3c(=O)cc(-c4ccccc4Cl)oc23)[C@H](O)C1,O=c1cc(-c2ccccc2)oc2c(C3CCNCC3)cccc12,6.259637310505756,1,1433,1090
CDK2_451705,CDK2,451705,CN[C@H]1C[C@@H]2O[C@](C)([C@H]1OC)n1c3ccccc3c3c4c(c5c6ccccc6n2c5c31)C(=O)NC4,O=C1NCc2c1c1c3ccccc3n3c1c1c2c2ccccc2n1C1CCCC3O1,8.154901959985743,1,1433,2326
CDK2_5330790,CDK2,5330790,Nc1nc(Nc2ccc(S(N)(=O)=O)cc2)nn1C(=O)c1c(F)cccc1F,O=C(c1ccccc1)n1cnc(Nc2ccccc2)n1,7.638272163982407,1,1433,1375
CDK7_3025986,CDK7,3025986,CC(C)(C)c1cnc(CSc2cnc(NC(=O)C3CCNCC3)s2)o1,O=C(Nc1ncc(SCc2ncco2)s1)C1CCNCC1,7.508638306165727,1,1433,419
CDK7_5329102,CDK7,5329102,CCN(CC)CCNC(=O)c1c(C)[nH]c(/C=C2\C(=O)Nc3ccc(F)cc32)c1C,O=C1Nc2ccccc2C1=Cc1ccc[nH]1,6.481486060122112,1,1433,2526
CDK7_16007391,CDK7,16007391,CCN(CCO)CCCOc1ccc2c(Nc3cc(CC(=O)Nc4cccc(F)c4)[nH]n3)ncnc2c1,O=C(Cc1cc(Nc2ncnc3ccccc23)n[nH]1)Nc1ccccc1,5.207608310501746,1,1433,289
CDK7_11409972,CDK7,11409972,CCN1CCN(Cc2ccc(NC(=O)Nc3ccc(Oc4cc(NC)ncn4)cc3)cc2C(F)(F)F)CC1,O=C(Nc1ccc(CN2CCNCC2)cc1)Nc1ccc(Oc2ccncn2)cc1,8.346787486224656,1,1433,126
CDK7_160355,CDK7,160355,CC[C@H](CO)Nc1nc(NCc2ccccc2)c2ncn(C(C)C)c2n1,c1ccc(CNc2ncnc3[nH]cnc23)cc1,5.7447274948966935,1,1433,1845
CDK7_24867231,CDK7,24867231,CN1CCC(c2c(O)cc(O)c3c(=O)cc(-c4ccccc4Cl)oc23)[C@H](O)C1,O=c1cc(-c2ccccc2)oc2c(C3CCNCC3)cccc12,7.638272163982407,1,1433,1064
CDK7_135398510,CDK7,135398510,CN1CCN(c2ccc3nc(-c4c(N)c5c(F)cccc5[nH]c4=O)[nH]c3c2)CC1,O=c1[nH]c2ccccc2cc1-c1nc2ccc(N3CCNCC3)cc2[nH]1,5.585026652029182,1,1433,467
CDK7_216239,CDK7,216239,CNC(=O)c1cc(Oc2ccc(NC(=O)Nc3ccc(Cl)c(C(F)(F)F)c3)cc2)ccn1,O=C(Nc1ccccc1)Nc1ccc(Oc2ccncc2)cc1,6.853871964321762,1,1433,2151
CDK7_451705,CDK7,451705,CN[C@H]1C[C@@H]2O[C@](C)([C@H]1OC)n1c3ccccc3c3c4c(c5c6ccccc6n2c5c31)C(=O)NC4,O=C1NCc2c1c1c3ccccc3n3c1c1c2c2ccccc2n1C1CCCC3O1,7.346787486224656,1,1433,2238
CDK7_10138259,CDK7,10138259,Cc1[nH]c(/C=C2\C(=O)Nc3ccc(F)cc32)c(C)c1C(=O)NC[C@H](O)CN1CCOCC1,O=C1Nc2ccccc2C1=Cc1cc(C(=O)NCCCN2CCOCC2)c[nH]1,6.031517051446065,1,1433,1970
CDK7_11485656,CDK7,11485656,Cc1ccc(F)c(NC(=O)Nc2ccc(-c3cccc4[nH]nc(N)c34)cc2)c1,O=C(Nc1ccccc1)Nc1ccc(-c2cccc3[nH]ncc23)cc1,5.537602002101044,1,1433,11
CDK7_5330790,CDK7,5330790,Nc1nc(Nc2ccc(S(N)(=O)=O)cc2)nn1C(=O)c1c(F)cccc1F,O=C(c1ccccc1)n1cnc(Nc2ccccc2)n1,6.119186407719209,1,1433,1323
CSNK1D_176870,CSNK1D,176870,C#Cc1cccc(Nc2ncnc3cc(OCCOC)c(OCCOC)cc23)c1,c1ccc(Nc2ncnc3ccccc23)cc1,5.455931955649724,1,1433,1037
CSNK1D_3025986,CSNK1D,3025986,CC(C)(C)c1cnc(CSc2cnc(NC(=O)C3CCNCC3)s2)o1,O=C(Nc1ncc(SCc2ncco2)s1)C1CCNCC1,5.7447274948966935,1,1433,432
CSNK1D_5329102,CSNK1D,5329102,CCN(CC)CCNC(=O)c1c(C)[nH]c(/C=C2\C(=O)Nc3ccc(F)cc32)c1C,O=C1Nc2ccccc2C1=Cc1ccc[nH]1,7.823908740944319,1,1433,2594
CSNK1D_11409972,CSNK1D,11409972,CCN1CCN(Cc2ccc(NC(=O)Nc3ccc(Oc4cc(NC)ncn4)cc3)cc2C(F)(F)F)CC1,O=C(Nc1ccc(CN2CCNCC2)cc1)Nc1ccc(Oc2ccncn2)cc1,5.6020599913279625,1,1433,219
CSNK1D_6445562,CSNK1D,6445562,CCOc1cc2ncc(C#N)c(Nc3ccc(F)c(Cl)c3)c2cc1NC(=O)/C=C/CN(C)C,c1ccc(Nc2ccnc3ccccc23)cc1,5.958607314841775,1,1433,930
CSNK1D_160355,CSNK1D,160355,CC[C@H](CO)Nc1nc(NCc2ccccc2)c2ncn(C(C)C)c2n1,c1ccc(CNc2ncnc3[nH]cnc23)cc1,6.585026652029182,1,1433,1850
CSNK1D_451705,CSNK1D,451705,CN[C@H]1C[C@@H]2O[C@](C)([C@H]1OC)n1c3ccccc3c3c4c(c5c6ccccc6n2c5c31)C(=O)NC4,O=C1NCc2c1c1c3ccccc3n3c1c1c2c2ccccc2n1C1CCCC3O1,5.619788758288394,1,1433,2331
CSNK1D_176155,CSNK1D,176155,CS(=O)c1ccc(-c2nc(-c3ccc(F)cc3)c(-c3ccncc3)[nH]2)cc1,c1ccc(-c2nc(-c3ccccc3)c(-c3ccncc3)[nH]2)cc1,7.431798275933005,1,1433,1926
CSNK1D_10138259,CSNK1D,10138259,Cc1[nH]c(/C=C2\C(=O)Nc3ccc(F)cc32)c(C)c1C(=O)NC[C@H](O)CN1CCOCC1,O=C1Nc2ccccc2C1=Cc1cc(C(=O)NCCCN2CCOCC2)c[nH]1,6.585026652029182,1,1433,2033
CSNK1D_4521392,CSNK1D,4521392,NC(=O)c1ccc(-c2nc(-c3ccc4c(c3)OCO4)c(-c3ccccn3)[nH]2)cc1,c1ccc(-c2nc(-c3ccc4c(c3)OCO4)c(-c3ccccn3)[nH]2)cc1,6.769551078621726,1,1433,1957
CSNK1D_5169,CSNK1D,5169,Oc1ccc(-c2nc(-c3ccc(F)cc3)c(-c3ccncc3)[nH]2)cc1,c1ccc(-c2nc(-c3ccccc3)c(-c3ccncc3)[nH]2)cc1,7.229147988357855,1,1433,1876
CSNK1E_3025986,CSNK1E,3025986,CC(C)(C)c1cnc(CSc2cnc(NC(=O)C3CCNCC3)s2)o1,O=C(Nc1ncc(SCc2ncco2)s1)C1CCNCC1,6.022276394711152,1,1433,433
CSNK1E_5329102,CSNK1E,5329102,CCN(CC)CCNC(=O)c1c(C)[nH]c(/C=C2\C(=O)Nc3ccc(F)cc32)c1C,O=C1Nc2ccccc2C1=Cc1ccc[nH]1,7.886056647693163,1,1433,2595
CSNK1E_11409972,CSNK1E,11409972,CCN1CCN(Cc2ccc(NC(=O)Nc3ccc(Oc4cc(NC)ncn4)cc3)cc2C(F)(F)F)CC1,O=C(Nc1ccc(CN2CCNCC2)cc1)Nc1ccc(Oc2ccncn2)cc1,5.3979400086720375,1,1433,220
CSNK1E_6445562,CSNK1E,6445562,CCOc1cc2ncc(C#N)c(Nc3ccc(F)c(Cl)c3)c2cc1NC(=O)/C=C/CN(C)C,c1ccc(Nc2ccnc3ccccc23)cc1,7.0,1,1433,931
CSNK1E_160355,CSNK1E,160355,CC[C@H](CO)Nc1nc(NCc2ccccc2)c2ncn(C(C)C)c2n1,c1ccc(CNc2ncnc3[nH]cnc23)cc1,6.494850021680094,1,1433,1851
CSNK1E_451705,CSNK1E,451705,CN[C@H]1C[C@@H]2O[C@](C)([C@H]1OC)n1c3ccccc3c3c4c(c5c6ccccc6n2c5c31)C(=O)NC4,O=C1NCc2c1c1c3ccccc3n3c1c1c2c2ccccc2n1C1CCCC3O1,7.136677139879544,1,1433,2332
CSNK1E_3081361,CSNK1E,3081361,COc1cc2c(Nc3ccc(Br)cc3F)ncnc2cc1OCC1CCN(C)CC1,c1ccc(Nc2ncnc3cc(OCC4CCNCC4)ccc23)cc1,5.522878745280337,1,1433,2954
CSNK1E_123631,CSNK1E,123631,COc1cc2ncnc(Nc3ccc(F)c(Cl)c3)c2cc1OCCCN1CCOCC1,c1ccc(Nc2ncnc3ccc(OCCCN4CCOCC4)cc23)cc1,6.366531544420414,1,1433,1251
CSNK1E_176155,CSNK1E,176155,CS(=O)c1ccc(-c2nc(-c3ccc(F)cc3)c(-c3ccncc3)[nH]2)cc1,c1ccc(-c2nc(-c3ccccc3)c(-c3ccncc3)[nH]2)cc1,7.0,1,1433,1927
CSNK1E_10138259,CSNK1E,10138259,Cc1[nH]c(/C=C2\C(=O)Nc3ccc(F)cc32)c(C)c1C(=O)NC[C@H](O)CN1CCOCC1,O=C1Nc2ccccc2C1=Cc1cc(C(=O)NCCCN2CCOCC2)c[nH]1,6.468521082957745,1,1433,2034
CSNK1E_3062316,CSNK1E,3062316,Cc1nc(Nc2ncc(C(=O)Nc3c(C)cccc3Cl)s2)cc(N2CCN(CCO)CC2)n1,O=C(Nc1ccccc1)c1cnc(Nc2cc(N3CCNCC3)ncn2)s1,5.823908740944319,1,1433,824
CSNK1E_4521392,CSNK1E,4521392,NC(=O)c1ccc(-c2nc(-c3ccc4c(c3)OCO4)c(-c3ccccn3)[nH]2)cc1,c1ccc(-c2nc(-c3ccc4c(c3)OCO4)c(-c3ccccn3)[nH]2)cc1,6.585026652029182,1,1433,1958
CSNK1E_5330790,CSNK1E,5330790,Nc1nc(Nc2ccc(S(N)(=O)=O)cc2)nn1C(=O)c1c(F)cccc1F,O=C(c1ccccc1)n1cnc(Nc2ccccc2)n1,5.443697499232712,1,1433,1379
CSNK1E_5169,CSNK1E,5169,Oc1ccc(-c2nc(-c3ccc(F)cc3)c(-c3ccncc3)[nH]2)cc1,c1ccc(-c2nc(-c3ccccc3)c(-c3ccncc3)[nH]2)cc1,6.769551078621726,1,1433,1877
FRK_176870,FRK,176870,C#Cc1cccc(Nc2ncnc3cc(OCCOC)c(OCCOC)cc23)c1,c1ccc(Nc2ncnc3ccccc23)cc1,5.698970004336019,1,1433,1003
FRK_156414,FRK,156414,C=CC(=O)Nc1cc2c(Nc3ccc(F)c(Cl)c3)ncnc2cc1OCCCN1CCOCC1,c1ccc(Nc2ncnc3cc(OCCCN4CCOCC4)ccc23)cc1,5.468521082957745,1,1433,669
FRK_11667893,FRK,11667893,CC1(C)CNc2cc(NC(=O)c3cccnc3NCc3ccncc3)ccc21,O=C(Nc1ccc2c(c1)NCC2)c1cccnc1NCc1ccncc1,7.00436480540245,1,1433,84
FRK_5329102,FRK,5329102,CCN(CC)CCNC(=O)c1c(C)[nH]c(/C=C2\C(=O)Nc3ccc(F)cc32)c1C,O=C1Nc2ccccc2C1=Cc1ccc[nH]1,6.275724130399211,1,1433,2542
FRK_11409972,FRK,11409972,CCN1CCN(Cc2ccc(NC(=O)Nc3ccc(Oc4cc(NC)ncn4)cc3)cc2C(F)(F)F)CC1,O=C(Nc1ccc(CN2CCNCC2)cc1)Nc1ccc(Oc2ccncn2)cc1,7.585026652029182,1,1433,146
FRK_6445562,FRK,6445562,CCOc1cc2ncc(C#N)c(Nc3ccc(F)c(Cl)c3)c2cc1NC(=O)/C=C/CN(C)C,c1ccc(Nc2ccnc3ccccc23)cc1,6.167491087293763,1,1433,891
FRK_135398510,FRK,135398510,CN1CCN(c2ccc3nc(-c4c(N)c5c(F)cccc5[nH]c4=O)[nH]c3c2)CC1,O=c1[nH]c2ccccc2cc1-c1nc2ccc(N3CCNCC3)cc2[nH]1,5.638272163982407,1,1433,479
FRK_216239,FRK,216239,CNC(=O)c1cc(Oc2ccc(NC(=O)Nc3ccc(Cl)c(C(F)(F)F)c3)cc2)ccn1,O=C(Nc1ccccc1)Nc1ccc(Oc2ccncc2)cc1,6.292429823902063,1,1433,2168
FRK_451705,FRK,451705,CN[C@H]1C[C@@H]2O[C@](C)([C@H]1OC)n1c3ccccc3c3c4c(c5c6ccccc6n2c5c31)C(=O)NC4,O=C1NCc2c1c1c3ccccc3n3c1c1c2c2ccccc2n1C1CCCC3O1,7.346787486224656,1,1433,2258
FRK_24202429,FRK,24202429,CO[C@H]1[C@@H](N(C)C(=O)c2ccccc2)C[C@@H]2O[C@@]1(C)n1c3ccccc3c3c4c(c5c6ccccc6n2c5c31)C(=O)NC4,O=C(NC1CC2OC(C1)n1c3ccccc3c3c4c(c5c6ccccc6n2c5c31)CNC4=O)c1ccccc1,5.619788758288394,1,1433,1675
FRK_3081361,FRK,3081361,COc1cc2c(Nc3ccc(Br)cc3F)ncnc2cc1OCC1CCN(C)CC1,c1ccc(Nc2ncnc3cc(OCC4CCNCC4)ccc23)cc1,6.769551078621726,1,1433,2907
FRK_123631,FRK,123631,COc1cc2ncnc(Nc3ccc(F)c(Cl)c3)c2cc1OCCCN1CCOCC1,c1ccc(Nc2ncnc3ccc(OCCCN4CCOCC4)cc23)cc1,5.698970004336019,1,1433,1235
FRK_176155,FRK,176155,CS(=O)c1ccc(-c2nc(-c3ccc(F)cc3)c(-c3ccncc3)[nH]2)cc1,c1ccc(-c2nc(-c3ccccc3)c(-c3ccncc3)[nH]2)cc1,5.7447274948966935,1,1433,1908
FRK_5494449,FRK,5494449,Cc1cc(Nc2cc(N3CCN(C)CC3)nc(Sc3ccc(NC(=O)C4CC4)cc3)n2)n[nH]1,O=C(Nc1ccc(Sc2nc(Nc3cc[nH]n3)cc(N3CCNCC3)n2)cc1)C1CC1,5.42021640338319,1,1433,2738
FRK_156422,FRK,156422,Cc1ccc(-n2nc(C(C)(C)C)cc2NC(=O)Nc2ccc(OCCN3CCOCC3)c3ccccc23)cc1,O=C(Nc1ccc(OCCN2CCOCC2)c2ccccc12)Nc1ccnn1-c1ccccc1,5.920818753952375,1,1433,355
FRK_11485656,FRK,11485656,Cc1ccc(F)c(NC(=O)Nc2ccc(-c3cccc4[nH]nc(N)c34)cc2)c1,O=C(Nc1ccccc1)Nc1ccc(-c2cccc3[nH]ncc23)cc1,6.3979400086720375,1,1433,33
FRK_5291,FRK,5291,Cc1ccc(NC(=O)c2ccc(CN3CCN(C)CC3)cc2)cc1Nc1nccc(-c2cccnc2)n1,O=C(Nc1cccc(Nc2nccc(-c3cccnc3)n2)c1)c1ccc(CN2CCNCC2)cc1,5.823908740944319,1,1433,1282
FRK_10113978,FRK,10113978,Cc1ccc(Nc2nccc(N(C)c3ccc4c(C)n(C)nc4c3)n2)cc1S(N)(=O)=O,c1ccc(Nc2nccc(Nc3ccc4c[nH]nc4c3)n2)cc1,6.1249387366083,1,1433,1161
FRK_3062316,FRK,3062316,Cc1nc(Nc2ncc(C(=O)Nc3c(C)cccc3Cl)s2)cc(N2CCN(CCO)CC2)n1,O=C(Nc1ccccc1)c1cnc(Nc2cc(N3CCNCC3)ncn2)s1,9.508638306165727,1,1433,782
FRK_151194,FRK,151194,Clc1ccc(Nc2nnc(Cc3ccncc3)c3ccccc23)cc1,c1ccc(Nc2nnc(Cc3ccncc3)c3ccccc23)cc1,5.7447274948966935,1,1433,1833
FRK_11656518,FRK,11656518,Cn1c(Nc2ccc(C(F)(F)F)cc2)nc2cc(Oc3ccnc(-c4ncc(C(F)(F)F)[nH]4)c3)ccc21,c1ccc(Nc2nc3cc(Oc4ccnc(-c5ncc[nH]5)c4)ccc3[nH]2)cc1,6.229147988357856,1,1433,609
FRK_5169,FRK,5169,Oc1ccc(-c2nc(-c3ccc(F)cc3)c(-c3ccncc3)[nH]2)cc1,c1ccc(-c2nc(-c3ccccc3)c(-c3ccncc3)[nH]2)cc1,5.508638306165727,1,1433,1859
GSK3B_3025986,GSK3B,3025986,CC(C)(C)c1cnc(CSc2cnc(NC(=O)C3CCNCC3)s2)o1,O=C(Nc1ncc(SCc2ncco2)s1)C1CCNCC1,7.431798275933005,1,1433,455
GSK3B_153999,GSK3B,153999,CN(C)C[C@@H]1CCn2cc(c3ccccc32)C2=C(C(=O)NC2=O)c2cn(c3ccccc23)CCO1,O=C1NC(=O)C2=C1c1cn(c3ccccc13)CCCOCCn1cc2c2ccccc21,5.585026652029182,1,1433,1501
GSK3B_24867231,GSK3B,24867231,CN1CCC(c2c(O)cc(O)c3c(=O)cc(-c4ccccc4Cl)oc23)[C@H](O)C1,O=c1cc(-c2ccccc2)oc2c(C3CCNCC3)cccc12,6.136677139879544,1,1433,1118
GSK3B_135398510,GSK3B,135398510,CN1CCN(c2ccc3nc(-c4c(N)c5c(F)cccc5[nH]c4=O)[nH]c3c2)CC1,O=c1[nH]c2ccccc2cc1-c1nc2ccc(N3CCNCC3)cc2[nH]1,6.455931955649724,1,1433,549
GSK3B_451705,GSK3B,451705,CN[C@H]1C[C@@H]2O[C@](C)([C@H]1OC)n1c3ccccc3c3c4c(c5c6ccccc6n2c5c31)C(=O)NC4,O=C1NCc2c1c1c3ccccc3n3c1c1c2c2ccccc2n1C1CCCC3O1,7.161150909262744,1,1433,2406
GSK3B_24202429,GSK3B,24202429,CO[C@H]1[C@@H](N(C)C(=O)c2ccccc2)C[C@@H]2O[C@@]1(C)n1c3ccccc3c3c4c(c5c6ccccc6n2c5c31)C(=O)NC4,O=C(NC1CC2OC(C1)n1c3ccccc3c3c4c(c5c6ccccc6n2c5c31)CNC4=O)c1ccccc1,5.7447274948966935,1,1433,1761
GSK3B_176155,GSK3B,176155,CS(=O)c1ccc(-c2nc(-c3ccc(F)cc3)c(-c3ccncc3)[nH]2)cc1,c1ccc(-c2nc(-c3ccccc3)c(-c3ccncc3)[nH]2)cc1,5.769551078621726,1,1433,1950
GSK3B_5330790,GSK3B,5330790,Nc1nc(Nc2ccc(S(N)(=O)=O)cc2)nn1C(=O)c1c(F)cccc1F,O=C(c1ccccc1)n1cnc(Nc2ccccc2)n1,6.022276394711152,1,1433,1414
GSK3B_5169,GSK3B,5169,Oc1ccc(-c2nc(-c3ccc(F)cc3)c(-c3ccncc3)[nH]2)cc1,c1ccc(-c2nc(-c3ccccc3)c(-c3ccncc3)[nH]2)cc1,5.568636235841012,1,1433,1898
HCK_176870,HCK,176870,C#Cc1cccc(Nc2ncnc3cc(OCCOC)c(OCCOC)cc23)c1,c1ccc(Nc2ncnc3ccccc23)cc1,5.7447274948966935,1,1433,1042
HCK_156414,HCK,156414,C=CC(=O)Nc1cc2c(Nc3ccc(F)c(Cl)c3)ncnc2cc1OCCCN1CCOCC1,c1ccc(Nc2ncnc3cc(OCCCN4CCOCC4)ccc23)cc1,5.376750709602099,1,1433,713
HCK_5329102,HCK,5329102,CCN(CC)CCNC(=O)c1c(C)[nH]c(/C=C2\C(=O)Nc3ccc(F)cc32)c1C,O=C1Nc2ccccc2C1=Cc1ccc[nH]1,6.055517327849832,1,1433,2605
HCK_16007391,HCK,16007391,CCN(CCO)CCCOc1ccc2c(Nc3cc(CC(=O)Nc4cccc(F)c4)[nH]n3)ncnc2c1,O=C(Cc1cc(Nc2ncnc3ccccc23)n[nH]1)Nc1ccccc1,5.4089353929735005,1,1433,328
HCK_11409972,HCK,11409972,CCN1CCN(Cc2ccc(NC(=O)Nc3ccc(Oc4cc(NC)ncn4)cc3)cc2C(F)(F)F)CC1,O=C(Nc1ccc(CN2CCNCC2)cc1)Nc1ccc(Oc2ccncn2)cc1,6.055517327849832,1,1433,237
HCK_6445562,HCK,6445562,CCOc1cc2ncc(C#N)c(Nc3ccc(F)c(Cl)c3)c2cc1NC(=O)/C=C/CN(C)C,c1ccc(Nc2ccnc3ccccc23)cc1,5.638272163982407,1,1433,939
HCK_135398510,HCK,135398510,CN1CCN(c2ccc3nc(-c4c(N)c5c(F)cccc5[nH]c4=O)[nH]c3c2)CC1,O=c1[nH]c2ccccc2cc1-c1nc2ccc(N3CCNCC3)cc2[nH]1,5.481486060122113,1,1433,529
HCK_451705,HCK,451705,CN[C@H]1C[C@@H]2O[C@](C)([C@H]1OC)n1c3ccccc3c3c4c(c5c6ccccc6n2c5c31)C(=O)NC4,O=C1NCc2c1c1c3ccccc3n3c1c1c2c2ccccc2n1C1CCCC3O1,7.698970004336019,1,1433,2348
HCK_24202429,HCK,24202429,CO[C@H]1[C@@H](N(C)C(=O)c2ccccc2)C[C@@H]2O[C@@]1(C)n1c3ccccc3c3c4c(c5c6ccccc6n2c5c31)C(=O)NC4,O=C(NC1CC2OC(C1)n1c3ccccc3c3c4c(c5c6ccccc6n2c5c31)CNC4=O)c1ccccc1,6.142667503568732,1,1433,1731
HCK_3081361,HCK,3081361,COc1cc2c(Nc3ccc(Br)cc3F)ncnc2cc1OCC1CCN(C)CC1,c1ccc(Nc2ncnc3cc(OCC4CCNCC4)ccc23)cc1,6.443697499232712,1,1433,2965
HCK_123631,HCK,123631,COc1cc2ncnc(Nc3ccc(F)c(Cl)c3)c2cc1OCCCN1CCOCC1,c1ccc(Nc2ncnc3ccc(OCCCN4CCOCC4)cc23)cc1,5.356547323513812,1,1433,1257
HCK_10138259,HCK,10138259,Cc1[nH]c(/C=C2\C(=O)Nc3ccc(F)cc32)c(C)c1C(=O)NC[C@H](O)CN1CCOCC1,O=C1Nc2ccccc2C1=Cc1cc(C(=O)NCCCN2CCOCC2)c[nH]1,5.657577319177793,1,1433,2042
HCK_3062316,HCK,3062316,Cc1nc(Nc2ncc(C(=O)Nc3c(C)cccc3Cl)s2)cc(N2CCN(CCO)CC2)n1,O=C(Nc1ccccc1)c1cnc(Nc2cc(N3CCNCC3)ncn2)s1,9.455931955649724,1,1433,835
HCK_11656518,HCK,11656518,Cn1c(Nc2ccc(C(F)(F)F)cc2)nc2cc(Oc3ccnc(-c4ncc(C(F)(F)F)[nH]4)c3)ccc21,c1ccc(Nc2nc3cc(Oc4ccnc(-c5ncc[nH]5)c4)ccc3[nH]2)cc1,5.920818753952375,1,1433,647
HCK_11712649,HCK,11712649,O=C(O)c1ccc(Nc2ncc3c(n2)-c2ccc(Cl)cc2C(c2c(F)cccc2F)=NC3)cc1,c1ccc(Nc2ncc3c(n2)-c2ccccc2C(c2ccccc2)=NC3)cc1,5.823908740944319,1,1433,1625
LCK_176870,LCK,176870,C#Cc1cccc(Nc2ncnc3cc(OCCOC)c(OCCOC)cc23)c1,c1ccc(Nc2ncnc3ccccc23)cc1,6.6020599913279625,1,1433,1028
LCK_156414,LCK,156414,C=CC(=O)Nc1cc2c(Nc3ccc(F)c(Cl)c3)ncnc2cc1OCCCN1CCOCC1,c1ccc(Nc2ncnc3cc(OCCCN4CCOCC4)ccc23)cc1,6.494850021680094,1,1433,694
LCK_11667893,LCK,11667893,CC1(C)CNc2cc(NC(=O)c3cccnc3NCc3ccncc3)ccc21,O=C(Nc1ccc2c(c1)NCC2)c1cccnc1NCc1ccncc1,6.443697499232712,1,1433,113
LCK_5329102,LCK,5329102,CCN(CC)CCNC(=O)c1c(C)[nH]c(/C=C2\C(=O)Nc3ccc(F)cc32)c1C,O=C1Nc2ccccc2C1=Cc1ccc[nH]1,6.638272163982407,1,1433,2579
LCK_16007391,LCK,16007391,CCN(CCO)CCCOc1ccc2c(Nc3cc(CC(=O)Nc4cccc(F)c4)[nH]n3)ncnc2c1,O=C(Cc1cc(Nc2ncnc3ccccc23)n[nH]1)Nc1ccccc1,6.42021640338319,1,1433,323
LCK_11409972,LCK,11409972,CCN1CCN(Cc2ccc(NC(=O)Nc3ccc(Oc4cc(NC)ncn4)cc3)cc2C(F)(F)F)CC1,O=C(Nc1ccc(CN2CCNCC2)cc1)Nc1ccc(Oc2ccncn2)cc1,7.958607314841775,1,1433,197
LCK_6445562,LCK,6445562,CCOc1cc2ncc(C#N)c(Nc3ccc(F)c(Cl)c3)c2cc1NC(=O)/C=C/CN(C)C,c1ccc(Nc2ccnc3ccccc23)cc1,7.00436480540245,1,1433,916
LCK_135398510,LCK,135398510,CN1CCN(c2ccc3nc(-c4c(N)c5c(F)cccc5[nH]c4=O)[nH]c3c2)CC1,O=c1[nH]c2ccccc2cc1-c1nc2ccc(N3CCNCC3)cc2[nH]1,6.6020599913279625,1,1433,515
LCK_216239,LCK,216239,CNC(=O)c1cc(Oc2ccc(NC(=O)Nc3ccc(Cl)c(C(F)(F)F)c3)cc2)ccn1,O=C(Nc1ccccc1)Nc1ccc(Oc2ccncc2)cc1,5.568636235841012,1,1433,2197
LCK_451705,LCK,451705,CN[C@H]1C[C@@H]2O[C@](C)([C@H]1OC)n1c3ccccc3c3c4c(c5c6ccccc6n2c5c31)C(=O)NC4,O=C1NCc2c1c1c3ccccc3n3c1c1c2c2ccccc2n1C1CCCC3O1,7.522878745280337,1,1433,2310
LCK_24202429,LCK,24202429,CO[C@H]1[C@@H](N(C)C(=O)c2ccccc2)C[C@@H]2O[C@@]1(C)n1c3ccccc3c3c4c(c5c6ccccc6n2c5c31)C(=O)NC4,O=C(NC1CC2OC(C1)n1c3ccccc3c3c4c(c5c6ccccc6n2c5c31)CNC4=O)c1ccccc1,6.552841968657781,1,1433,1717
LCK_3081361,LCK,3081361,COc1cc2c(Nc3ccc(Br)cc3F)ncnc2cc1OCC1CCN(C)CC1,c1ccc(Nc2ncnc3cc(OCC4CCNCC4)ccc23)cc1,7.769551078621726,1,1433,2942
LCK_123631,LCK,123631,COc1cc2ncnc(Nc3ccc(F)c(Cl)c3)c2cc1OCCCN1CCOCC1,c1ccc(Nc2ncnc3ccc(OCCCN4CCOCC4)cc23)cc1,6.200659450546418,1,1433,1249
LCK_176155,LCK,176155,CS(=O)c1ccc(-c2nc(-c3ccc(F)cc3)c(-c3ccncc3)[nH]2)cc1,c1ccc(-c2nc(-c3ccccc3)c(-c3ccncc3)[nH]2)cc1,5.552841968657781,1,1433,1921
LCK_9926791,LCK,9926791,C[C@@H]1CCN(C(=O)CC#N)C[C@@H]1N(C)c1ncnc2[nH]ccc12,c1nc(NC2CCCNC2)c2cc[nH]c2n1,5.7447274948966935,1,1433,746
LCK_10138259,LCK,10138259,Cc1[nH]c(/C=C2\C(=O)Nc3ccc(F)cc32)c(C)c1C(=O)NC[C@H](O)CN1CCOCC1,O=C1Nc2ccccc2C1=Cc1cc(C(=O)NCCCN2CCOCC2)c[nH]1,5.638272163982407,1,1433,2020
LCK_5494449,LCK,5494449,Cc1cc(Nc2cc(N3CCN(C)CC3)nc(Sc3ccc(NC(=O)C4CC4)cc3)n2)n[nH]1,O=C(Nc1ccc(Sc2nc(Nc3cc[nH]n3)cc(N3CCNCC3)n2)cc1)C1CC1,7.214670164989233,1,1433,2775
LCK_156422,LCK,156422,Cc1ccc(-n2nc(C(C)(C)C)cc2NC(=O)Nc2ccc(OCCN3CCOCC3)c3ccccc23)cc1,O=C(Nc1ccc(OCCN2CCOCC2)c2ccccc12)Nc1ccnn1-c1ccccc1,5.920818753952375,1,1433,386
LCK_5291,LCK,5291,Cc1ccc(NC(=O)c2ccc(CN3CCN(C)CC3)cc2)cc1Nc1nccc(-c2cccnc2)n1,O=C(Nc1cccc(Nc2nccc(-c3cccnc3)n2)c1)c1ccc(CN2CCNCC2)cc1,7.3979400086720375,1,1433,1296
LCK_10113978,LCK,10113978,Cc1ccc(Nc2nccc(N(C)c3ccc4c(C)n(C)nc4c3)n2)cc1S(N)(=O)=O,c1ccc(Nc2nccc(Nc3ccc4c[nH]nc4c3)n2)cc1,5.920818753952375,1,1433,1188
LCK_3062316,LCK,3062316,Cc1nc(Nc2ncc(C(=O)Nc3c(C)cccc3Cl)s2)cc(N2CCN(CCO)CC2)n1,O=C(Nc1ccccc1)c1cnc(Nc2cc(N3CCNCC3)ncn2)s1,9.698970004336019,1,1433,811
LCK_11656518,LCK,11656518,Cn1c(Nc2ccc(C(F)(F)F)cc2)nc2cc(Oc3ccnc(-c4ncc(C(F)(F)F)[nH]4)c3)ccc21,c1ccc(Nc2nc3cc(Oc4ccnc(-c5ncc[nH]5)c4)ccc3[nH]2)cc1,6.1938200260161125,1,1433,632
LCK_11712649,LCK,11712649,O=C(O)c1ccc(Nc2ncc3c(n2)-c2ccc(Cl)cc2C(c2c(F)cccc2F)=NC3)cc1,c1ccc(Nc2ncc3c(n2)-c2ccccc2C(c2ccccc2)=NC3)cc1,6.229147988357856,1,1433,1608
LCK_3038525,LCK,3038525,O=c1ncn2nc(Sc3ccc(F)cc3F)ccc2c1-c1c(Cl)cccc1Cl,O=c1ncn2nc(Sc3ccccc3)ccc2c1-c1ccccc1,5.337242168318426,1,1433,2877
SRC_176870,SRC,176870,C#Cc1cccc(Nc2ncnc3cc(OCCOC)c(OCCOC)cc23)c1,c1ccc(Nc2ncnc3ccccc23)cc1,6.154901959985743,1,1433,1047
SRC_156414,SRC,156414,C=CC(=O)Nc1cc2c(Nc3ccc(F)c(Cl)c3)ncnc2cc1OCCCN1CCOCC1,c1ccc(Nc2ncnc3cc(OCCCN4CCOCC4)ccc23)cc1,5.958607314841775,1,1433,718
SRC_5329102,SRC,5329102,CCN(CC)CCNC(=O)c1c(C)[nH]c(/C=C2\C(=O)Nc3ccc(F)cc32)c1C,O=C1Nc2ccccc2C1=Cc1ccc[nH]1,5.6777807052660805,1,1433,2626
SRC_11409972,SRC,11409972,CCN1CCN(Cc2ccc(NC(=O)Nc3ccc(Oc4cc(NC)ncn4)cc3)cc2C(F)(F)F)CC1,O=C(Nc1ccc(CN2CCNCC2)cc1)Nc1ccc(Oc2ccncn2)cc1,6.468521082957745,1,1433,267
SRC_6445562,SRC,6445562,CCOc1cc2ncc(C#N)c(Nc3ccc(F)c(Cl)c3)c2cc1NC(=O)/C=C/CN(C)C,c1ccc(Nc2ccnc3ccccc23)cc1,6.552841968657781,1,1433,946
SRC_135398510,SRC,135398510,CN1CCN(c2ccc3nc(-c4c(N)c5c(F)cccc5[nH]c4=O)[nH]c3c2)CC1,O=c1[nH]c2ccccc2cc1-c1nc2ccc(N3CCNCC3)cc2[nH]1,5.7447274948966935,1,1433,542
SRC_451705,SRC,451705,CN[C@H]1C[C@@H]2O[C@](C)([C@H]1OC)n1c3ccccc3c3c4c(c5c6ccccc6n2c5c31)C(=O)NC4,O=C1NCc2c1c1c3ccccc3n3c1c1c2c2ccccc2n1C1CCCC3O1,7.0655015487564325,1,1433,2378
SRC_24202429,SRC,24202429,CO[C@H]1[C@@H](N(C)C(=O)c2ccccc2)C[C@@H]2O[C@@]1(C)n1c3ccccc3c3c4c(c5c6ccccc6n2c5c31)C(=O)NC4,O=C(NC1CC2OC(C1)n1c3ccccc3c3c4c(c5c6ccccc6n2c5c31)CNC4=O)c1ccccc1,5.920818753952375,1,1433,1747
SRC_3081361,SRC,3081361,COc1cc2c(Nc3ccc(Br)cc3F)ncnc2cc1OCC1CCN(C)CC1,c1ccc(Nc2ncnc3cc(OCC4CCNCC4)ccc23)cc1,7.154901959985743,1,1433,2970
SRC_123631,SRC,123631,COc1cc2ncnc(Nc3ccc(F)c(Cl)c3)c2cc1OCCCN1CCOCC1,c1ccc(Nc2ncnc3ccc(OCCCN4CCOCC4)cc23)cc1,5.42021640338319,1,1433,1261
SRC_176155,SRC,176155,CS(=O)c1ccc(-c2nc(-c3ccc(F)cc3)c(-c3ccncc3)[nH]2)cc1,c1ccc(-c2nc(-c3ccccc3)c(-c3ccncc3)[nH]2)cc1,5.275724130399211,1,1433,1937
SRC_10138259,SRC,10138259,Cc1[nH]c(/C=C2\C(=O)Nc3ccc(F)cc32)c(C)c1C(=O)NC[C@H](O)CN1CCOCC1,O=C1Nc2ccccc2C1=Cc1cc(C(=O)NCCCN2CCOCC2)c[nH]1,5.309803919971486,1,1433,2059
SRC_5494449,SRC,5494449,Cc1cc(Nc2cc(N3CCN(C)CC3)nc(Sc3ccc(NC(=O)C4CC4)cc3)n2)n[nH]1,O=C(Nc1ccc(Sc2nc(Nc3cc[nH]n3)cc(N3CCNCC3)n2)cc1)C1CC1,6.769551078621726,1,1433,2807
SRC_10113978,SRC,10113978,Cc1ccc(Nc2nccc(N(C)c3ccc4c(C)n(C)nc4c3)n2)cc1S(N)(=O)=O,c1ccc(Nc2nccc(Nc3ccc4c[nH]nc4c3)n2)cc1,5.552841968657781,1,1433,1205
SRC_3062316,SRC,3062316,Cc1nc(Nc2ncc(C(=O)Nc3c(C)cccc3Cl)s2)cc(N2CCN(CCO)CC2)n1,O=C(Nc1ccccc1)c1cnc(Nc2cc(N3CCNCC3)ncn2)s1,9.67778070526608,1,1433,841
SRC_11656518,SRC,11656518,Cn1c(Nc2ccc(C(F)(F)F)cc2)nc2cc(Oc3ccnc(-c4ncc(C(F)(F)F)[nH]4)c3)ccc21,c1ccc(Nc2nc3cc(Oc4ccnc(-c5ncc[nH]5)c4)ccc3[nH]2)cc1,5.958607314841775,1,1433,652
SRC_11712649,SRC,11712649,O=C(O)c1ccc(Nc2ncc3c(n2)-c2ccc(Cl)cc2C(c2c(F)cccc2F)=NC3)cc1,c1ccc(Nc2ncc3c(n2)-c2ccccc2C(c2ccccc2)=NC3)cc1,6.096910013008056,1,1433,1629
SRC_3038525,SRC,3038525,O=c1ncn2nc(Sc3ccc(F)cc3F)ccc2c1-c1c(Cl)cccc1Cl,O=c1ncn2nc(Sc3ccccc3)ccc2c1-c1ccccc1,5.259637310505756,1,1433,2884
